[
    {
        "url" : "http://www.allbesttop10.com/wp-content/uploads/2015/01/Venezuela-Beautiful-Girls.jpg"
    },
    {
        "url" : "http://hdwallpaperbackgrounds.net/wp-content/uploads/2015/10/Most-Beautiful-Girls-In-The-World-Wallpapers-1024x683.jpg"
    },
    {
        "url" : "http://photographyinspired.com/media/2014/01/Beautiful-Girl-Wallpapers.jpg"
    },
    {
        "url" : "http://img1.rnkr-static.com/list_img_v2/8192/1228192/C520/famous-men-you-d-want-to-have-a-beer-with-u2.jpg"
    },
    {
        "url" : "https://files.brightside.me/files/news/part_14/145555/1519055-650-1461578948-1.jpg"
    },
    {
        "url" : "http://fashion.lilithezine.com/images/Supermodel-Paris-Hilton.jpg"
    },
    {
        "url" : "http://tutzone.org/wp-content/uploads/2013/04/flirting-middle-shool.jpg"
    },
    {
        "url" : "http://photographyinspired.com/media/2014/01/Top-15-Portraits-of-Beautiful-Girls2.jpg"
    },
    {
        "url" : "http://cdn.playbuzz.com/cdn/67f930d0-8371-46d2-8867-08ade74e7ca0/518055f4-f558-4282-944f-1d30a86de875_560_420.jpg"
    },
    {
        "url" : "http://unbelievable.com/wp-content/uploads/2015/12/IMG_2583.jpg"
    },
    {
        "url" : "http://img2.izismile.com/img/img5/20120210/640/there_are_beautiful_girls_here_640_08.jpg"
    },
    {
        "url" : "http://3.bp.blogspot.com/-ZyV0-iKl24k/Tl9lB0p2U8I/AAAAAAAANTk/JaY0YbP0FWI/s1600/Super+Guns+HD+Wallpapers++%25285%2529.jpg"
    },
    {
        "url" : "https://s-media-cache-ak0.pinimg.com/736x/92/ba/b8/92bab89e660ac4f1a7b27cff4882ffe2.jpg"
    },
    {
        "url" : "http://cdn8.staztic.com/app/a/2552/2552630/hot-guns-super-hd-2-2-s-307x512.jpg"
    },
    {
        "url" : "http://www.nirapadnews.com/english/wp-content/uploads/2015/03/miranda-kerr-wonderbra-lingerie-2015-photos4-710x470.jpg"
    },
    {
        "url" : "https://cdn2.wtvox.com/wp-content/uploads/human-robots-e1433163724309.jpg"
    },
    {
        "url" : "http://s6.favim.com/610/151023/pretty-inspiration-inspirations-beautiful-Favim.com-3466352.jpg"
    },
    {
        "url" : "https://cnet4.cbsistatic.com/hub/i/2011/10/27/a66dfbb7-fdc7-11e2-8c7c-d4ae52e62bcc/android-wallpaper5_2560x1600_1.jpg"
    },
    {
        "url" : "http://pixel.nymag.com/imgs/fashion/daily/2016/01/20/20-clueless-male-read.w529.h352.jpg"
    },
    {
        "url" : "http://g01.a.alicdn.com/kf/HTB1f3DYHFXXXXarapXXq6xXFXXXH/European-And-American-Brands-Nb-Bra-Underwear-Lace-Sexy-Girls-Gather-Lady-Adjustable-Bra-Set.jpg"
    },
    {
        "url" : "http://1mhowto.com/wp-content/uploads/2014/12/Android.jpg"
    },
    {
        "url" : "https://lh4.googleusercontent.com/-9vNpxw3oiR8/UTBfHmBxKVI/AAAAAAAAAPw/Pi0j4ofE3mw/w800-h800/photo.jpg"
    }
]
